<?xml version="1.0" encoding="euc-kr"?>
	<Body>
		<Info>
			<Filename></Filename>
			<ObjectCount>2</ObjectCount>
			<MeshCount>1</MeshCount>
			<AnimationStart>0f</AnimationStart>
			<AnimationEnd>100f</AnimationEnd>
			<KeyType>Keyframe</KeyType>
			<Object>
				<Value ID="0">NULL</Value>
				<Value ID="1">Sphere01</Value>
			</Object>
			<Bone>
				<Value BoneID="0" ID="0">NULL</Value>
			</Bone>
		</Info>
		<Material>
			<Slot Index="0">
				<Diffuse>(color 149.94 149.94 149.94)</Diffuse>
				<Ambient>(color 149.94 149.94 149.94)</Ambient>
				<Specular>(color 229.5 229.5 229.5)</Specular>
				<Emissive>(color 0 0 0)</Emissive>
				<Opacity>100.0</Opacity>
				<Power>0.0</Power>
			</Slot>
			<Slot Index="1">
				<Diffuse>(color 236 228 12)</Diffuse>
				<Ambient>(color 236 228 12)</Ambient>
				<Specular>(color 229.5 229.5 229.5)</Specular>
				<Emissive>(color 0 0 0)</Emissive>
				<Opacity>100.0</Opacity>
				<Power>0.0</Power>
			</Slot>
		</Material>
		<Object ID="0" Name="NULL" Class="Dummy">
			<Parent ID="-1" Name="undefined">
			</Parent>
			<LocalTM>
				<Value>[1.0,0.0,0.0,0.0]</Value>
				<Value>[0.0,1.0,0.0,0.0]</Value>
				<Value>[0.0,0.0,1.0,0.0]</Value>
				<Value>[0.0,0.0,0.0,1.0]</Value>
			</LocalTM>
			<WorldTM>
				<Value>[1.0,0.0,0.0,0.0]</Value>
				<Value>[0.0,1.0,0.0,0.0]</Value>
				<Value>[0.0,0.0,1.0,0.0]</Value>
				<Value>[0.0,0.0,0.0,1.0]</Value>
			</WorldTM>
			<BoundingBox>
				<Max>[5,5,5]</Max>
				<Min>[-5,-5,-5]</Min>
				<Center>[0,0,0]</Center>
			</BoundingBox>
		</Object>
		<Object ID="1" Name="Sphere01" Class="Editable_mesh">
			<Parent ID="-1" Name="undefined">
			</Parent>
			<LocalTM>
				<Value>[1.0,0.0,0.0,0.0]</Value>
				<Value>[0.0,1.0,0.0,0.0]</Value>
				<Value>[0.0,0.0,1.0,0.0]</Value>
				<Value>[0.891075,0.0,1.24386,1.0]</Value>
			</LocalTM>
			<WorldTM>
				<Value>[1.0,0.0,0.0,0.0]</Value>
				<Value>[0.0,1.0,0.0,0.0]</Value>
				<Value>[0.0,0.0,1.0,0.0]</Value>
				<Value>[0.891075,0.0,1.24386,1.0]</Value>
			</WorldTM>
			<BoundingBox>
				<Max>[60,60,60]</Max>
				<Min>[-60,-60,-60]</Min>
				<Center>[0,0,1.54972e-006]</Center>
			</BoundingBox>
			<Vertex>
				<Value Index="0">[0,60,0]</Value>
				<Value Index="1">[-1.01328e-006,55.4328,22.961]</Value>
				<Value Index="2">[-8.7868,55.4328,21.2132]</Value>
				<Value Index="3">[-16.2359,55.4328,16.2359]</Value>
				<Value Index="4">[-21.2132,55.4328,8.78679]</Value>
				<Value Index="5">[-22.961,55.4328,-2.02656e-006]</Value>
				<Value Index="6">[-21.2132,55.4328,-8.7868]</Value>
				<Value Index="7">[-16.2359,55.4328,-16.2359]</Value>
				<Value Index="8">[-8.78679,55.4328,-21.2132]</Value>
				<Value Index="9">[3.03984e-006,55.4328,-22.961]</Value>
				<Value Index="10">[8.7868,55.4328,-21.2132]</Value>
				<Value Index="11">[16.2359,55.4328,-16.2359]</Value>
				<Value Index="12">[21.2132,55.4328,-8.78679]</Value>
				<Value Index="13">[22.961,55.4328,4.05312e-006]</Value>
				<Value Index="14">[21.2132,55.4328,8.7868]</Value>
				<Value Index="15">[16.2359,55.4328,16.2359]</Value>
				<Value Index="16">[8.78679,55.4328,21.2132]</Value>
				<Value Index="17">[-1.84774e-006,42.4264,42.4264]</Value>
				<Value Index="18">[-16.2359,42.4264,39.1969]</Value>
				<Value Index="19">[-30,42.4264,30]</Value>
				<Value Index="20">[-39.1969,42.4264,16.2359]</Value>
				<Value Index="21">[-42.4264,42.4264,-3.69549e-006]</Value>
				<Value Index="22">[-39.1969,42.4264,-16.2359]</Value>
				<Value Index="23">[-30,42.4264,-30]</Value>
				<Value Index="24">[-16.2359,42.4264,-39.1969]</Value>
				<Value Index="25">[5.54323e-006,42.4264,-42.4264]</Value>
				<Value Index="26">[16.2359,42.4264,-39.1969]</Value>
				<Value Index="27">[30,42.4264,-30]</Value>
				<Value Index="28">[39.1969,42.4264,-16.2359]</Value>
				<Value Index="29">[42.4264,42.4264,7.39098e-006]</Value>
				<Value Index="30">[39.1969,42.4264,16.2359]</Value>
				<Value Index="31">[30,42.4264,30]</Value>
				<Value Index="32">[16.2359,42.4264,39.1969]</Value>
				<Value Index="33">[-2.44379e-006,22.961,55.4328]</Value>
				<Value Index="34">[-21.2132,22.961,51.2132]</Value>
				<Value Index="35">[-39.1969,22.961,39.1969]</Value>
				<Value Index="36">[-51.2132,22.961,21.2132]</Value>
				<Value Index="37">[-55.4328,22.961,-4.88758e-006]</Value>
				<Value Index="38">[-51.2132,22.961,-21.2132]</Value>
				<Value Index="39">[-39.1969,22.961,-39.1969]</Value>
				<Value Index="40">[-21.2132,22.961,-51.2132]</Value>
				<Value Index="41">[7.27177e-006,22.961,-55.4328]</Value>
				<Value Index="42">[21.2132,22.961,-51.2132]</Value>
				<Value Index="43">[39.1969,22.961,-39.1969]</Value>
				<Value Index="44">[51.2132,22.961,-21.2132]</Value>
				<Value Index="45">[55.4328,22.961,9.65595e-006]</Value>
				<Value Index="46">[51.2132,22.961,21.2132]</Value>
				<Value Index="47">[39.1969,22.961,39.1969]</Value>
				<Value Index="48">[21.2132,22.961,51.2132]</Value>
				<Value Index="49">[-2.6226e-006,-2.62268e-006,60]</Value>
				<Value Index="50">[-22.961,-2.62268e-006,55.4328]</Value>
				<Value Index="51">[-42.4264,-2.62268e-006,42.4264]</Value>
				<Value Index="52">[-55.4328,-2.62268e-006,22.961]</Value>
				<Value Index="53">[-60,-2.62268e-006,-5.24521e-006]</Value>
				<Value Index="54">[-55.4328,-2.62268e-006,-22.961]</Value>
				<Value Index="55">[-42.4264,-2.62268e-006,-42.4264]</Value>
				<Value Index="56">[-22.961,-2.62268e-006,-55.4328]</Value>
				<Value Index="57">[7.86781e-006,-2.62268e-006,-60]</Value>
				<Value Index="58">[22.961,-2.62268e-006,-55.4328]</Value>
				<Value Index="59">[42.4264,-2.62268e-006,-42.4264]</Value>
				<Value Index="60">[55.4328,-2.62268e-006,-22.961]</Value>
				<Value Index="61">[60,-2.62268e-006,1.04904e-005]</Value>
				<Value Index="62">[55.4328,-2.62268e-006,22.961]</Value>
				<Value Index="63">[42.4264,-2.62268e-006,42.4264]</Value>
				<Value Index="64">[22.961,-2.62268e-006,55.4328]</Value>
				<Value Index="65">[-2.44379e-006,-22.961,55.4328]</Value>
				<Value Index="66">[-21.2132,-22.961,51.2132]</Value>
				<Value Index="67">[-39.1969,-22.961,39.1969]</Value>
				<Value Index="68">[-51.2132,-22.961,21.2132]</Value>
				<Value Index="69">[-55.4328,-22.961,-4.88758e-006]</Value>
				<Value Index="70">[-51.2132,-22.961,-21.2132]</Value>
				<Value Index="71">[-39.1969,-22.961,-39.1969]</Value>
				<Value Index="72">[-21.2132,-22.961,-51.2132]</Value>
				<Value Index="73">[7.27177e-006,-22.961,-55.4328]</Value>
				<Value Index="74">[21.2132,-22.961,-51.2132]</Value>
				<Value Index="75">[39.1969,-22.961,-39.1969]</Value>
				<Value Index="76">[51.2132,-22.961,-21.2132]</Value>
				<Value Index="77">[55.4328,-22.961,9.65595e-006]</Value>
				<Value Index="78">[51.2132,-22.961,21.2132]</Value>
				<Value Index="79">[39.1969,-22.961,39.1969]</Value>
				<Value Index="80">[21.2132,-22.961,51.2132]</Value>
				<Value Index="81">[-1.84774e-006,-42.4264,42.4264]</Value>
				<Value Index="82">[-16.2359,-42.4264,39.1969]</Value>
				<Value Index="83">[-30,-42.4264,30]</Value>
				<Value Index="84">[-39.1969,-42.4264,16.2359]</Value>
				<Value Index="85">[-42.4264,-42.4264,-3.69549e-006]</Value>
				<Value Index="86">[-39.1969,-42.4264,-16.2359]</Value>
				<Value Index="87">[-30,-42.4264,-30]</Value>
				<Value Index="88">[-16.2359,-42.4264,-39.1969]</Value>
				<Value Index="89">[5.54323e-006,-42.4264,-42.4264]</Value>
				<Value Index="90">[16.2359,-42.4264,-39.1969]</Value>
				<Value Index="91">[30,-42.4264,-30]</Value>
				<Value Index="92">[39.1969,-42.4264,-16.2359]</Value>
				<Value Index="93">[42.4264,-42.4264,7.39098e-006]</Value>
				<Value Index="94">[39.1969,-42.4264,16.2359]</Value>
				<Value Index="95">[30,-42.4264,30]</Value>
				<Value Index="96">[16.2359,-42.4264,39.1969]</Value>
				<Value Index="97">[-1.01328e-006,-55.4328,22.961]</Value>
				<Value Index="98">[-8.7868,-55.4328,21.2132]</Value>
				<Value Index="99">[-16.2359,-55.4328,16.2359]</Value>
				<Value Index="100">[-21.2132,-55.4328,8.78679]</Value>
				<Value Index="101">[-22.961,-55.4328,-2.02656e-006]</Value>
				<Value Index="102">[-21.2132,-55.4328,-8.7868]</Value>
				<Value Index="103">[-16.2359,-55.4328,-16.2359]</Value>
				<Value Index="104">[-8.78679,-55.4328,-21.2132]</Value>
				<Value Index="105">[3.03984e-006,-55.4328,-22.961]</Value>
				<Value Index="106">[8.7868,-55.4328,-21.2132]</Value>
				<Value Index="107">[16.2359,-55.4328,-16.2359]</Value>
				<Value Index="108">[21.2132,-55.4328,-8.78679]</Value>
				<Value Index="109">[22.961,-55.4328,4.05312e-006]</Value>
				<Value Index="110">[21.2132,-55.4328,8.7868]</Value>
				<Value Index="111">[16.2359,-55.4328,16.2359]</Value>
				<Value Index="112">[8.78679,-55.4328,21.2132]</Value>
				<Value Index="113">[0,-60,0]</Value>
			</Vertex>
			<VertexNormal>
				<Value Index="0">[0,1,0]</Value>
				<Value Index="1">[0,0.915159,0.403093]</Value>
				<Value Index="2">[-0.154257,0.915159,0.372409]</Value>
				<Value Index="3">[-0.28503,0.915159,0.28503]</Value>
				<Value Index="4">[-0.372409,0.915159,0.154257]</Value>
				<Value Index="5">[-0.403093,0.915159,0]</Value>
				<Value Index="6">[-0.372409,0.915159,-0.154257]</Value>
				<Value Index="7">[-0.28503,0.915159,-0.28503]</Value>
				<Value Index="8">[-0.154257,0.915159,-0.372409]</Value>
				<Value Index="9">[0,0.915159,-0.403093]</Value>
				<Value Index="10">[0.154257,0.915159,-0.372409]</Value>
				<Value Index="11">[0.28503,0.915159,-0.28503]</Value>
				<Value Index="12">[0.372409,0.915159,-0.154257]</Value>
				<Value Index="13">[0.403093,0.915159,0]</Value>
				<Value Index="14">[0.372409,0.915159,0.154257]</Value>
				<Value Index="15">[0.28503,0.915159,0.28503]</Value>
				<Value Index="16">[0.154257,0.915159,0.372409]</Value>
				<Value Index="17">[0,0.695157,0.718858]</Value>
				<Value Index="18">[-0.275095,0.695157,0.664138]</Value>
				<Value Index="19">[-0.50831,0.695157,0.508309]</Value>
				<Value Index="20">[-0.664138,0.695157,0.275095]</Value>
				<Value Index="21">[-0.718858,0.695157,0]</Value>
				<Value Index="22">[-0.664138,0.695157,-0.275095]</Value>
				<Value Index="23">[-0.508309,0.695157,-0.50831]</Value>
				<Value Index="24">[-0.275095,0.695157,-0.664138]</Value>
				<Value Index="25">[0,0.695157,-0.718858]</Value>
				<Value Index="26">[0.275095,0.695157,-0.664138]</Value>
				<Value Index="27">[0.50831,0.695157,-0.508309]</Value>
				<Value Index="28">[0.664138,0.695157,-0.275095]</Value>
				<Value Index="29">[0.718858,0.695157,1.62488e-007]</Value>
				<Value Index="30">[0.664138,0.695157,0.275095]</Value>
				<Value Index="31">[0.508309,0.695157,0.50831]</Value>
				<Value Index="32">[0.275095,0.695157,0.664138]</Value>
				<Value Index="33">[0,0.374367,0.927281]</Value>
				<Value Index="34">[-0.354855,0.374367,0.856696]</Value>
				<Value Index="35">[-0.655686,0.374367,0.655686]</Value>
				<Value Index="36">[-0.856696,0.374367,0.354855]</Value>
				<Value Index="37">[-0.927281,0.374367,0]</Value>
				<Value Index="38">[-0.856696,0.374367,-0.354855]</Value>
				<Value Index="39">[-0.655686,0.374367,-0.655687]</Value>
				<Value Index="40">[-0.354855,0.374367,-0.856696]</Value>
				<Value Index="41">[0,0.374367,-0.927281]</Value>
				<Value Index="42">[0.354855,0.374367,-0.856696]</Value>
				<Value Index="43">[0.655687,0.374367,-0.655686]</Value>
				<Value Index="44">[0.856696,0.374367,-0.354855]</Value>
				<Value Index="45">[0.927281,0.374367,1.78684e-007]</Value>
				<Value Index="46">[0.856696,0.374367,0.354855]</Value>
				<Value Index="47">[0.655686,0.374367,0.655686]</Value>
				<Value Index="48">[0.354855,0.374367,0.856696]</Value>
				<Value Index="49">[-1.33833e-007,0,1]</Value>
				<Value Index="50">[-0.382684,0,0.92388]</Value>
				<Value Index="51">[-0.707107,0,0.707107]</Value>
				<Value Index="52">[-0.92388,0,0.382683]</Value>
				<Value Index="53">[-1,0,0]</Value>
				<Value Index="54">[-0.92388,0,-0.382684]</Value>
				<Value Index="55">[-0.707107,0,-0.707107]</Value>
				<Value Index="56">[-0.382683,0,-0.92388]</Value>
				<Value Index="57">[0,0,-1]</Value>
				<Value Index="58">[0.382684,0,-0.92388]</Value>
				<Value Index="59">[0.707107,0,-0.707107]</Value>
				<Value Index="60">[0.92388,0,-0.382683]</Value>
				<Value Index="61">[1,0,2.35436e-007]</Value>
				<Value Index="62">[0.923879,0,0.382684]</Value>
				<Value Index="63">[0.707107,0,0.707107]</Value>
				<Value Index="64">[0.382683,0,0.92388]</Value>
				<Value Index="65">[-1.19778e-007,-0.374367,0.927281]</Value>
				<Value Index="66">[-0.354855,-0.374367,0.856696]</Value>
				<Value Index="67">[-0.655686,-0.374367,0.655686]</Value>
				<Value Index="68">[-0.856696,-0.374367,0.354855]</Value>
				<Value Index="69">[-0.927281,-0.374367,0]</Value>
				<Value Index="70">[-0.856696,-0.374367,-0.354855]</Value>
				<Value Index="71">[-0.655686,-0.374367,-0.655686]</Value>
				<Value Index="72">[-0.354855,-0.374367,-0.856696]</Value>
				<Value Index="73">[0,-0.374367,-0.927281]</Value>
				<Value Index="74">[0.354855,-0.374367,-0.856695]</Value>
				<Value Index="75">[0.655686,-0.374367,-0.655686]</Value>
				<Value Index="76">[0.856696,-0.374367,-0.354855]</Value>
				<Value Index="77">[0.927281,-0.374367,1.70696e-007]</Value>
				<Value Index="78">[0.856695,-0.374367,0.354855]</Value>
				<Value Index="79">[0.655686,-0.374367,0.655686]</Value>
				<Value Index="80">[0.354855,-0.374367,0.856696]</Value>
				<Value Index="81">[0,-0.695157,0.718858]</Value>
				<Value Index="82">[-0.275095,-0.695157,0.664138]</Value>
				<Value Index="83">[-0.50831,-0.695157,0.508309]</Value>
				<Value Index="84">[-0.664138,-0.695157,0.275095]</Value>
				<Value Index="85">[-0.718858,-0.695157,0]</Value>
				<Value Index="86">[-0.664138,-0.695157,-0.275095]</Value>
				<Value Index="87">[-0.508309,-0.695157,-0.50831]</Value>
				<Value Index="88">[-0.275095,-0.695157,-0.664138]</Value>
				<Value Index="89">[0,-0.695157,-0.718858]</Value>
				<Value Index="90">[0.275095,-0.695157,-0.664138]</Value>
				<Value Index="91">[0.50831,-0.695157,-0.508309]</Value>
				<Value Index="92">[0.664138,-0.695157,-0.275095]</Value>
				<Value Index="93">[0.718858,-0.695157,0]</Value>
				<Value Index="94">[0.664138,-0.695157,0.275095]</Value>
				<Value Index="95">[0.508309,-0.695157,0.50831]</Value>
				<Value Index="96">[0.275095,-0.695157,0.664138]</Value>
				<Value Index="97">[0,-0.915159,0.403093]</Value>
				<Value Index="98">[-0.154257,-0.915159,0.372409]</Value>
				<Value Index="99">[-0.28503,-0.915159,0.28503]</Value>
				<Value Index="100">[-0.372409,-0.915159,0.154257]</Value>
				<Value Index="101">[-0.403093,-0.915159,0]</Value>
				<Value Index="102">[-0.372409,-0.915159,-0.154257]</Value>
				<Value Index="103">[-0.28503,-0.915159,-0.28503]</Value>
				<Value Index="104">[-0.154257,-0.915159,-0.372409]</Value>
				<Value Index="105">[0,-0.915159,-0.403093]</Value>
				<Value Index="106">[0.154257,-0.915159,-0.372409]</Value>
				<Value Index="107">[0.28503,-0.915159,-0.285029]</Value>
				<Value Index="108">[0.372409,-0.915159,-0.154257]</Value>
				<Value Index="109">[0.403093,-0.915159,0]</Value>
				<Value Index="110">[0.372409,-0.915159,0.154257]</Value>
				<Value Index="111">[0.285029,-0.915159,0.28503]</Value>
				<Value Index="112">[0.154257,-0.915159,0.372409]</Value>
				<Value Index="113">[0,-1,0]</Value>
			</VertexNormal>
			<TriIndex MaterialCount="1">
				<Value MaterialID="1">[0,2,1]</Value>
				<Value MaterialID="1">[0,3,2]</Value>
				<Value MaterialID="1">[0,4,3]</Value>
				<Value MaterialID="1">[0,5,4]</Value>
				<Value MaterialID="1">[0,6,5]</Value>
				<Value MaterialID="1">[0,7,6]</Value>
				<Value MaterialID="1">[0,8,7]</Value>
				<Value MaterialID="1">[0,9,8]</Value>
				<Value MaterialID="1">[0,10,9]</Value>
				<Value MaterialID="1">[0,11,10]</Value>
				<Value MaterialID="1">[0,12,11]</Value>
				<Value MaterialID="1">[0,13,12]</Value>
				<Value MaterialID="1">[0,14,13]</Value>
				<Value MaterialID="1">[0,15,14]</Value>
				<Value MaterialID="1">[0,16,15]</Value>
				<Value MaterialID="1">[0,1,16]</Value>
				<Value MaterialID="1">[1,18,17]</Value>
				<Value MaterialID="1">[1,2,18]</Value>
				<Value MaterialID="1">[2,19,18]</Value>
				<Value MaterialID="1">[2,3,19]</Value>
				<Value MaterialID="1">[3,20,19]</Value>
				<Value MaterialID="1">[3,4,20]</Value>
				<Value MaterialID="1">[4,21,20]</Value>
				<Value MaterialID="1">[4,5,21]</Value>
				<Value MaterialID="1">[5,22,21]</Value>
				<Value MaterialID="1">[5,6,22]</Value>
				<Value MaterialID="1">[6,23,22]</Value>
				<Value MaterialID="1">[6,7,23]</Value>
				<Value MaterialID="1">[7,24,23]</Value>
				<Value MaterialID="1">[7,8,24]</Value>
				<Value MaterialID="1">[8,25,24]</Value>
				<Value MaterialID="1">[8,9,25]</Value>
				<Value MaterialID="1">[9,26,25]</Value>
				<Value MaterialID="1">[9,10,26]</Value>
				<Value MaterialID="1">[10,27,26]</Value>
				<Value MaterialID="1">[10,11,27]</Value>
				<Value MaterialID="1">[11,28,27]</Value>
				<Value MaterialID="1">[11,12,28]</Value>
				<Value MaterialID="1">[12,29,28]</Value>
				<Value MaterialID="1">[12,13,29]</Value>
				<Value MaterialID="1">[13,30,29]</Value>
				<Value MaterialID="1">[13,14,30]</Value>
				<Value MaterialID="1">[14,31,30]</Value>
				<Value MaterialID="1">[14,15,31]</Value>
				<Value MaterialID="1">[15,32,31]</Value>
				<Value MaterialID="1">[15,16,32]</Value>
				<Value MaterialID="1">[16,17,32]</Value>
				<Value MaterialID="1">[16,1,17]</Value>
				<Value MaterialID="1">[17,34,33]</Value>
				<Value MaterialID="1">[17,18,34]</Value>
				<Value MaterialID="1">[18,35,34]</Value>
				<Value MaterialID="1">[18,19,35]</Value>
				<Value MaterialID="1">[19,36,35]</Value>
				<Value MaterialID="1">[19,20,36]</Value>
				<Value MaterialID="1">[20,37,36]</Value>
				<Value MaterialID="1">[20,21,37]</Value>
				<Value MaterialID="1">[21,38,37]</Value>
				<Value MaterialID="1">[21,22,38]</Value>
				<Value MaterialID="1">[22,39,38]</Value>
				<Value MaterialID="1">[22,23,39]</Value>
				<Value MaterialID="1">[23,40,39]</Value>
				<Value MaterialID="1">[23,24,40]</Value>
				<Value MaterialID="1">[24,41,40]</Value>
				<Value MaterialID="1">[24,25,41]</Value>
				<Value MaterialID="1">[25,42,41]</Value>
				<Value MaterialID="1">[25,26,42]</Value>
				<Value MaterialID="1">[26,43,42]</Value>
				<Value MaterialID="1">[26,27,43]</Value>
				<Value MaterialID="1">[27,44,43]</Value>
				<Value MaterialID="1">[27,28,44]</Value>
				<Value MaterialID="1">[28,45,44]</Value>
				<Value MaterialID="1">[28,29,45]</Value>
				<Value MaterialID="1">[29,46,45]</Value>
				<Value MaterialID="1">[29,30,46]</Value>
				<Value MaterialID="1">[30,47,46]</Value>
				<Value MaterialID="1">[30,31,47]</Value>
				<Value MaterialID="1">[31,48,47]</Value>
				<Value MaterialID="1">[31,32,48]</Value>
				<Value MaterialID="1">[32,33,48]</Value>
				<Value MaterialID="1">[32,17,33]</Value>
				<Value MaterialID="1">[33,50,49]</Value>
				<Value MaterialID="1">[33,34,50]</Value>
				<Value MaterialID="1">[34,51,50]</Value>
				<Value MaterialID="1">[34,35,51]</Value>
				<Value MaterialID="1">[35,52,51]</Value>
				<Value MaterialID="1">[35,36,52]</Value>
				<Value MaterialID="1">[36,53,52]</Value>
				<Value MaterialID="1">[36,37,53]</Value>
				<Value MaterialID="1">[37,54,53]</Value>
				<Value MaterialID="1">[37,38,54]</Value>
				<Value MaterialID="1">[38,55,54]</Value>
				<Value MaterialID="1">[38,39,55]</Value>
				<Value MaterialID="1">[39,56,55]</Value>
				<Value MaterialID="1">[39,40,56]</Value>
				<Value MaterialID="1">[40,57,56]</Value>
				<Value MaterialID="1">[40,41,57]</Value>
				<Value MaterialID="1">[41,58,57]</Value>
				<Value MaterialID="1">[41,42,58]</Value>
				<Value MaterialID="1">[42,59,58]</Value>
				<Value MaterialID="1">[42,43,59]</Value>
				<Value MaterialID="1">[43,60,59]</Value>
				<Value MaterialID="1">[43,44,60]</Value>
				<Value MaterialID="1">[44,61,60]</Value>
				<Value MaterialID="1">[44,45,61]</Value>
				<Value MaterialID="1">[45,62,61]</Value>
				<Value MaterialID="1">[45,46,62]</Value>
				<Value MaterialID="1">[46,63,62]</Value>
				<Value MaterialID="1">[46,47,63]</Value>
				<Value MaterialID="1">[47,64,63]</Value>
				<Value MaterialID="1">[47,48,64]</Value>
				<Value MaterialID="1">[48,49,64]</Value>
				<Value MaterialID="1">[48,33,49]</Value>
				<Value MaterialID="1">[49,66,65]</Value>
				<Value MaterialID="1">[49,50,66]</Value>
				<Value MaterialID="1">[50,67,66]</Value>
				<Value MaterialID="1">[50,51,67]</Value>
				<Value MaterialID="1">[51,68,67]</Value>
				<Value MaterialID="1">[51,52,68]</Value>
				<Value MaterialID="1">[52,69,68]</Value>
				<Value MaterialID="1">[52,53,69]</Value>
				<Value MaterialID="1">[53,70,69]</Value>
				<Value MaterialID="1">[53,54,70]</Value>
				<Value MaterialID="1">[54,71,70]</Value>
				<Value MaterialID="1">[54,55,71]</Value>
				<Value MaterialID="1">[55,72,71]</Value>
				<Value MaterialID="1">[55,56,72]</Value>
				<Value MaterialID="1">[56,73,72]</Value>
				<Value MaterialID="1">[56,57,73]</Value>
				<Value MaterialID="1">[57,74,73]</Value>
				<Value MaterialID="1">[57,58,74]</Value>
				<Value MaterialID="1">[58,75,74]</Value>
				<Value MaterialID="1">[58,59,75]</Value>
				<Value MaterialID="1">[59,76,75]</Value>
				<Value MaterialID="1">[59,60,76]</Value>
				<Value MaterialID="1">[60,77,76]</Value>
				<Value MaterialID="1">[60,61,77]</Value>
				<Value MaterialID="1">[61,78,77]</Value>
				<Value MaterialID="1">[61,62,78]</Value>
				<Value MaterialID="1">[62,79,78]</Value>
				<Value MaterialID="1">[62,63,79]</Value>
				<Value MaterialID="1">[63,80,79]</Value>
				<Value MaterialID="1">[63,64,80]</Value>
				<Value MaterialID="1">[64,65,80]</Value>
				<Value MaterialID="1">[64,49,65]</Value>
				<Value MaterialID="1">[65,82,81]</Value>
				<Value MaterialID="1">[65,66,82]</Value>
				<Value MaterialID="1">[66,83,82]</Value>
				<Value MaterialID="1">[66,67,83]</Value>
				<Value MaterialID="1">[67,84,83]</Value>
				<Value MaterialID="1">[67,68,84]</Value>
				<Value MaterialID="1">[68,85,84]</Value>
				<Value MaterialID="1">[68,69,85]</Value>
				<Value MaterialID="1">[69,86,85]</Value>
				<Value MaterialID="1">[69,70,86]</Value>
				<Value MaterialID="1">[70,87,86]</Value>
				<Value MaterialID="1">[70,71,87]</Value>
				<Value MaterialID="1">[71,88,87]</Value>
				<Value MaterialID="1">[71,72,88]</Value>
				<Value MaterialID="1">[72,89,88]</Value>
				<Value MaterialID="1">[72,73,89]</Value>
				<Value MaterialID="1">[73,90,89]</Value>
				<Value MaterialID="1">[73,74,90]</Value>
				<Value MaterialID="1">[74,91,90]</Value>
				<Value MaterialID="1">[74,75,91]</Value>
				<Value MaterialID="1">[75,92,91]</Value>
				<Value MaterialID="1">[75,76,92]</Value>
				<Value MaterialID="1">[76,93,92]</Value>
				<Value MaterialID="1">[76,77,93]</Value>
				<Value MaterialID="1">[77,94,93]</Value>
				<Value MaterialID="1">[77,78,94]</Value>
				<Value MaterialID="1">[78,95,94]</Value>
				<Value MaterialID="1">[78,79,95]</Value>
				<Value MaterialID="1">[79,96,95]</Value>
				<Value MaterialID="1">[79,80,96]</Value>
				<Value MaterialID="1">[80,81,96]</Value>
				<Value MaterialID="1">[80,65,81]</Value>
				<Value MaterialID="1">[81,98,97]</Value>
				<Value MaterialID="1">[81,82,98]</Value>
				<Value MaterialID="1">[82,99,98]</Value>
				<Value MaterialID="1">[82,83,99]</Value>
				<Value MaterialID="1">[83,100,99]</Value>
				<Value MaterialID="1">[83,84,100]</Value>
				<Value MaterialID="1">[84,101,100]</Value>
				<Value MaterialID="1">[84,85,101]</Value>
				<Value MaterialID="1">[85,102,101]</Value>
				<Value MaterialID="1">[85,86,102]</Value>
				<Value MaterialID="1">[86,103,102]</Value>
				<Value MaterialID="1">[86,87,103]</Value>
				<Value MaterialID="1">[87,104,103]</Value>
				<Value MaterialID="1">[87,88,104]</Value>
				<Value MaterialID="1">[88,105,104]</Value>
				<Value MaterialID="1">[88,89,105]</Value>
				<Value MaterialID="1">[89,106,105]</Value>
				<Value MaterialID="1">[89,90,106]</Value>
				<Value MaterialID="1">[90,107,106]</Value>
				<Value MaterialID="1">[90,91,107]</Value>
				<Value MaterialID="1">[91,108,107]</Value>
				<Value MaterialID="1">[91,92,108]</Value>
				<Value MaterialID="1">[92,109,108]</Value>
				<Value MaterialID="1">[92,93,109]</Value>
				<Value MaterialID="1">[93,110,109]</Value>
				<Value MaterialID="1">[93,94,110]</Value>
				<Value MaterialID="1">[94,111,110]</Value>
				<Value MaterialID="1">[94,95,111]</Value>
				<Value MaterialID="1">[95,112,111]</Value>
				<Value MaterialID="1">[95,96,112]</Value>
				<Value MaterialID="1">[96,97,112]</Value>
				<Value MaterialID="1">[96,81,97]</Value>
				<Value MaterialID="1">[113,97,98]</Value>
				<Value MaterialID="1">[113,98,99]</Value>
				<Value MaterialID="1">[113,99,100]</Value>
				<Value MaterialID="1">[113,100,101]</Value>
				<Value MaterialID="1">[113,101,102]</Value>
				<Value MaterialID="1">[113,102,103]</Value>
				<Value MaterialID="1">[113,103,104]</Value>
				<Value MaterialID="1">[113,104,105]</Value>
				<Value MaterialID="1">[113,105,106]</Value>
				<Value MaterialID="1">[113,106,107]</Value>
				<Value MaterialID="1">[113,107,108]</Value>
				<Value MaterialID="1">[113,108,109]</Value>
				<Value MaterialID="1">[113,109,110]</Value>
				<Value MaterialID="1">[113,110,111]</Value>
				<Value MaterialID="1">[113,111,112]</Value>
				<Value MaterialID="1">[113,112,97]</Value>
			</TriIndex>
		</Object>
	</Body>
