<?xml version="1.0" encoding="euc-kr"?>
	<Body>
		<Info>
			<Filename>boxbody.max</Filename>
			<ObjectCount>12</ObjectCount>
			<MeshCount>11</MeshCount>
			<AnimationStart>0f</AnimationStart>
			<AnimationEnd>100f</AnimationEnd>
			<KeyType>Keyframe</KeyType>
			<Object>
				<Value ID="0">NULL</Value>
				<Value ID="1">Box07</Value>
				<Value ID="2">Box02</Value>
				<Value ID="3">Box03</Value>
				<Value ID="4">Box04</Value>
				<Value ID="5">Box05</Value>
				<Value ID="6">Box06</Value>
				<Value ID="7">Box01</Value>
				<Value ID="8">Box09</Value>
				<Value ID="9">Box11</Value>
				<Value ID="10">Box08</Value>
				<Value ID="11">Box10</Value>
			</Object>
			<Bone>
				<Value BoneID="0" ID="0">NULL</Value>
			</Bone>
		</Info>
		<Material>
			<Slot Index="0">
				<Diffuse>(color 149.94 149.94 149.94)</Diffuse>
				<Ambient>(color 149.94 149.94 149.94)</Ambient>
				<Specular>(color 229.5 229.5 229.5)</Specular>
				<Emissive>(color 0 0 0)</Emissive>
				<Opacity>100.0</Opacity>
				<Power>0.0</Power>
			</Slot>
			<Slot Index="1">
				<Diffuse>(color 248 171 150)</Diffuse>
				<Ambient>(color 248 171 150)</Ambient>
				<Specular>(color 229.5 229.5 229.5)</Specular>
				<Emissive>(color 0 0 0)</Emissive>
				<Opacity>100.0</Opacity>
				<Power>0.0</Power>
			</Slot>
			<Slot Index="2">
				<Diffuse>(color 150 150 150)</Diffuse>
				<Ambient>(color 150 150 150)</Ambient>
				<Specular>(color 229.5 229.5 229.5)</Specular>
				<Emissive>(color 0 0 0)</Emissive>
				<Opacity>100.0</Opacity>
				<Power>0.0</Power>
				<DiffuseMap><![CDATA[E:\project\book\CD\3DData\boxbody-torso.jpg]]></DiffuseMap>
			</Slot>
			<Slot Index="3">
				<Diffuse>(color 166 150 250)</Diffuse>
				<Ambient>(color 166 150 250)</Ambient>
				<Specular>(color 229.5 229.5 229.5)</Specular>
				<Emissive>(color 0 0 0)</Emissive>
				<Opacity>100.0</Opacity>
				<Power>0.0</Power>
			</Slot>
			<Slot Index="4">
				<Diffuse>(color 150 150 150)</Diffuse>
				<Ambient>(color 150 150 150)</Ambient>
				<Specular>(color 229.5 229.5 229.5)</Specular>
				<Emissive>(color 0 0 0)</Emissive>
				<Opacity>100.0</Opacity>
				<Power>0.0</Power>
				<DiffuseMap><![CDATA[E:\project\book\CD\3DData\boxbody-face.jpg]]></DiffuseMap>
			</Slot>
			<Slot Index="5">
				<Diffuse>(color 150 250 166)</Diffuse>
				<Ambient>(color 150 250 166)</Ambient>
				<Specular>(color 229.5 229.5 229.5)</Specular>
				<Emissive>(color 0 0 0)</Emissive>
				<Opacity>100.0</Opacity>
				<Power>0.0</Power>
			</Slot>
		</Material>
		<Object ID="0" Name="NULL" Class="Dummy">
			<Parent ID="-1" Name="undefined">
			</Parent>
			<LocalTM>
				<Value>[1.0,0.0,0.0,0.0]</Value>
				<Value>[0.0,1.0,0.0,0.0]</Value>
				<Value>[0.0,0.0,1.0,0.0]</Value>
				<Value>[0.0,0.0,0.0,1.0]</Value>
			</LocalTM>
			<WorldTM>
				<Value>[1.0,0.0,0.0,0.0]</Value>
				<Value>[0.0,1.0,0.0,0.0]</Value>
				<Value>[0.0,0.0,1.0,0.0]</Value>
				<Value>[0.0,0.0,0.0,1.0]</Value>
			</WorldTM>
			<BoundingBox>
				<Max>[5,5,5]</Max>
				<Min>[-5,-5,-5]</Min>
				<Center>[0,0,0]</Center>
			</BoundingBox>
		</Object>
		<Object ID="1" Name="Box07" Class="Editable_mesh">
			<Parent ID="-1" Name="undefined">
			</Parent>
			<LocalTM>
				<Value>[1.0,0.0,0.0,0.0]</Value>
				<Value>[0.0,0.0,-1.0,0.0]</Value>
				<Value>[0.0,1.0,0.0,0.0]</Value>
				<Value>[-0.483091,-19.5745,8.86898e-007,1.0]</Value>
			</LocalTM>
			<WorldTM>
				<Value>[1.0,0.0,0.0,0.0]</Value>
				<Value>[0.0,0.0,-1.0,0.0]</Value>
				<Value>[0.0,1.0,0.0,0.0]</Value>
				<Value>[-0.483091,-19.5745,8.86898e-007,1.0]</Value>
			</WorldTM>
			<BoundingBox>
				<Max>[36.715,-1.1403e-006,13.0435]</Max>
				<Min>[-36.715,10.628,-13.0435]</Min>
				<Center>[-1.90735e-006,5.31401,2.32283e-007]</Center>
			</BoundingBox>
			<Vertex>
				<Value Index="0">[-36.715,0,-13.0435]</Value>
				<Value Index="1">[36.715,0,-13.0435]</Value>
				<Value Index="2">[-36.715,0,13.0435]</Value>
				<Value Index="3">[36.715,0,13.0435]</Value>
				<Value Index="4">[-36.715,10.628,-13.0435]</Value>
				<Value Index="5">[36.715,10.628,-13.0435]</Value>
				<Value Index="6">[-36.715,10.628,13.0435]</Value>
				<Value Index="7">[36.715,10.628,13.0435]</Value>
			</Vertex>
			<VertexNormal>
				<Value Index="0">[0,0,1.5708]</Value>
				<Value Index="1">[0,0,1.5708]</Value>
				<Value Index="2">[0,0,1.5708]</Value>
				<Value Index="3">[0,0,1.5708]</Value>
				<Value Index="4">[0,0,-1.5708]</Value>
				<Value Index="5">[0,0,-1.5708]</Value>
				<Value Index="6">[0,0,-1.5708]</Value>
				<Value Index="7">[0,0,-1.5708]</Value>
			</VertexNormal>
			<TriIndex MaterialCount="1">
				<Value MaterialID="1">[0,3,2]</Value>
				<Value MaterialID="1">[3,0,1]</Value>
				<Value MaterialID="1">[4,7,5]</Value>
				<Value MaterialID="1">[7,4,6]</Value>
				<Value MaterialID="1">[0,5,1]</Value>
				<Value MaterialID="1">[5,0,4]</Value>
				<Value MaterialID="1">[1,7,3]</Value>
				<Value MaterialID="1">[7,1,5]</Value>
				<Value MaterialID="1">[3,6,2]</Value>
				<Value MaterialID="1">[6,3,7]</Value>
				<Value MaterialID="1">[2,4,0]</Value>
				<Value MaterialID="1">[4,2,6]</Value>
			</TriIndex>
			<Key>
				<Position>
					<Value Frame="0f">[-0.483091,-19.5745,8.86898e-007]</Value>
					<Value Frame="21f">[-0.483091,-0.892246,8.86898e-007]</Value>
					<Value Frame="51f">[-0.483091,-28.0052,8.86898e-007]</Value>
				</Position>
			</Key>
		</Object>
		<Object ID="2" Name="Box02" Class="Editable_mesh">
			<Parent ID="1" Name="Box07">
			</Parent>
			<LocalTM>
				<Value>[1.0,0.0,0.0,0.0]</Value>
				<Value>[0.0,1.0,0.0,0.0]</Value>
				<Value>[0.0,0.0,1.0,0.0]</Value>
				<Value>[0.483091,0.0,20.9795,1.0]</Value>
			</LocalTM>
			<WorldTM>
				<Value>[1.0,0.0,0.0,0.0]</Value>
				<Value>[0.0,0.0,-1.0,0.0]</Value>
				<Value>[0.0,1.0,0.0,0.0]</Value>
				<Value>[0.0,1.40501,0.0,1.0]</Value>
			</WorldTM>
			<BoundingBox>
				<Max>[37.1981,-2.19613e-006,50.035]</Max>
				<Min>[-37.1981,9.66184,-0.206572]</Min>
				<Center>[0,4.83092,24.9142]</Center>
			</BoundingBox>
			<Vertex>
				<Value Index="0">[-37.1981,0,-0.206572]</Value>
				<Value Index="1">[37.1981,0,-0.206572]</Value>
				<Value Index="2">[-37.1981,0,50.035]</Value>
				<Value Index="3">[37.1981,0,50.035]</Value>
				<Value Index="4">[-37.1981,9.66184,-0.206572]</Value>
				<Value Index="5">[37.1981,9.66184,-0.206572]</Value>
				<Value Index="6">[-37.1981,9.66184,50.035]</Value>
				<Value Index="7">[37.1981,9.66184,50.035]</Value>
			</Vertex>
			<VertexNormal>
				<Value Index="0">[0,0,1.5708]</Value>
				<Value Index="1">[0,0,1.5708]</Value>
				<Value Index="2">[0,0,1.5708]</Value>
				<Value Index="3">[0,0,1.5708]</Value>
				<Value Index="4">[0,0,-1.5708]</Value>
				<Value Index="5">[0,0,-1.5708]</Value>
				<Value Index="6">[0,0,-1.5708]</Value>
				<Value Index="7">[0,0,-1.5708]</Value>
			</VertexNormal>
			<TriIndex MaterialCount="1">
				<Value MaterialID="2">[0,3,2]</Value>
				<Value MaterialID="2">[3,0,1]</Value>
				<Value MaterialID="2">[4,7,5]</Value>
				<Value MaterialID="2">[7,4,6]</Value>
				<Value MaterialID="2">[0,5,1]</Value>
				<Value MaterialID="2">[5,0,4]</Value>
				<Value MaterialID="2">[1,7,3]</Value>
				<Value MaterialID="2">[7,1,5]</Value>
				<Value MaterialID="2">[3,6,2]</Value>
				<Value MaterialID="2">[6,3,7]</Value>
				<Value MaterialID="2">[2,4,0]</Value>
				<Value MaterialID="2">[4,2,6]</Value>
			</TriIndex>
			<TexVertex>
				<Value Index="0">[0.000499576,0.9995]</Value>
				<Value Index="1">[0.9995,0.9995]</Value>
				<Value Index="2">[0.000499725,0.000499547]</Value>
				<Value Index="3">[0.9995,0.000499904]</Value>
				<Value Index="4">[0.000499576,0.9995]</Value>
				<Value Index="5">[0.9995,0.9995]</Value>
				<Value Index="6">[0.000499725,0.000499547]</Value>
				<Value Index="7">[0.9995,0.000499904]</Value>
			</TexVertex>
			<TexIndex MaterialCount="1">
				<Value MaterialID="2">[0,3,2]</Value>
				<Value MaterialID="2">[3,0,1]</Value>
				<Value MaterialID="2">[4,7,5]</Value>
				<Value MaterialID="2">[7,4,6]</Value>
				<Value MaterialID="2">[0,5,1]</Value>
				<Value MaterialID="2">[5,0,4]</Value>
				<Value MaterialID="2">[1,7,3]</Value>
				<Value MaterialID="2">[7,1,5]</Value>
				<Value MaterialID="2">[3,6,2]</Value>
				<Value MaterialID="2">[6,3,7]</Value>
				<Value MaterialID="2">[2,4,0]</Value>
				<Value MaterialID="2">[4,2,6]</Value>
			</TexIndex>
			<Key>
				<Quaternion>
					<Value Frame="0f">[0.0,0.0,0.0,1.0]</Value>
					<Value Frame="30f">[0.0,0.0,-0.194412,0.98092]</Value>
					<Value Frame="60f">[0.0,0.0,0.195332,0.980737]</Value>
					<Value Frame="70f">[0.0,0.0,0.364737,0.931111]</Value>
					<Value Frame="100f">[0.0,0.0,-0.368499,0.929628]</Value>
				</Quaternion>
			</Key>
		</Object>
		<Object ID="3" Name="Box03" Class="Editable_mesh">
			<Parent ID="2" Name="Box02">
			</Parent>
			<LocalTM>
				<Value>[1.0,-0.000395715,0.0,0.0]</Value>
				<Value>[0.000395715,1.0,0.0,0.0]</Value>
				<Value>[0.0,0.0,1.0,0.0]</Value>
				<Value>[-42.8444,0.0,39.407,1.0]</Value>
			</LocalTM>
			<WorldTM>
				<Value>[1.0,0.0,0.000395715,0.0]</Value>
				<Value>[0.000395715,0.0,-1.0,0.0]</Value>
				<Value>[0.0,1.0,0.0,0.0]</Value>
				<Value>[-42.8444,40.812,-1.75268e-006,1.0]</Value>
			</WorldTM>
			<BoundingBox>
				<Max>[-0.147283,6.85562e-007,7.72947]</Max>
				<Min>[-26.2411,8.69565,-7.72947]</Min>
				<Center>[-13.1942,4.34783,1.90278e-007]</Center>
			</BoundingBox>
			<Vertex>
				<Value Index="0">[-26.2377,0,-7.72947]</Value>
				<Value Index="1">[-0.150724,0,-7.72947]</Value>
				<Value Index="2">[-26.2377,0,7.72947]</Value>
				<Value Index="3">[-0.150724,0,7.72947]</Value>
				<Value Index="4">[-26.2377,8.69565,-7.72947]</Value>
				<Value Index="5">[-0.150724,8.69565,-7.72947]</Value>
				<Value Index="6">[-26.2377,8.69565,7.72947]</Value>
				<Value Index="7">[-0.150724,8.69565,7.72947]</Value>
			</Vertex>
			<VertexNormal>
				<Value Index="0">[-0.000621588,0,1.5708]</Value>
				<Value Index="1">[-0.000621588,0,1.5708]</Value>
				<Value Index="2">[-0.000621588,0,1.5708]</Value>
				<Value Index="3">[-0.000621588,0,1.5708]</Value>
				<Value Index="4">[0.000621588,0,-1.5708]</Value>
				<Value Index="5">[0.000621588,0,-1.5708]</Value>
				<Value Index="6">[0.000621588,0,-1.5708]</Value>
				<Value Index="7">[0.000621588,0,-1.5708]</Value>
			</VertexNormal>
			<TriIndex MaterialCount="1">
				<Value MaterialID="1">[0,3,2]</Value>
				<Value MaterialID="1">[3,0,1]</Value>
				<Value MaterialID="1">[4,7,5]</Value>
				<Value MaterialID="1">[7,4,6]</Value>
				<Value MaterialID="1">[0,5,1]</Value>
				<Value MaterialID="1">[5,0,4]</Value>
				<Value MaterialID="1">[1,7,3]</Value>
				<Value MaterialID="1">[7,1,5]</Value>
				<Value MaterialID="1">[3,6,2]</Value>
				<Value MaterialID="1">[6,3,7]</Value>
				<Value MaterialID="1">[2,4,0]</Value>
				<Value MaterialID="1">[4,2,6]</Value>
			</TriIndex>
		</Object>
		<Object ID="4" Name="Box04" Class="Editable_mesh">
			<Parent ID="3" Name="Box03">
			</Parent>
			<LocalTM>
				<Value>[1.0,0.0,0.0,0.0]</Value>
				<Value>[0.0,1.0,0.0,0.0]</Value>
				<Value>[0.0,0.0,1.0,0.0]</Value>
				<Value>[-30.2368,0.0,1.44927,1.0]</Value>
			</LocalTM>
			<WorldTM>
				<Value>[1.0,0.0,0.000395715,0.0]</Value>
				<Value>[0.000395715,0.0,-1.0,0.0]</Value>
				<Value>[0.0,1.0,0.0,0.0]</Value>
				<Value>[-73.0813,42.2612,-0.011967,1.0]</Value>
			</WorldTM>
			<BoundingBox>
				<Max>[0.13784,6.41406e-007,8.21256]</Max>
				<Min>[-51.0768,8.69565,-8.21256]</Min>
				<Center>[-25.4695,4.34783,1.91013e-007]</Center>
			</BoundingBox>
			<Vertex>
				<Value Index="0">[-51.0733,0,-8.21256]</Value>
				<Value Index="1">[0.134399,0,-8.21256]</Value>
				<Value Index="2">[-51.0733,0,8.21256]</Value>
				<Value Index="3">[0.134399,0,8.21256]</Value>
				<Value Index="4">[-51.0733,8.69565,-8.21256]</Value>
				<Value Index="5">[0.134399,8.69565,-8.21256]</Value>
				<Value Index="6">[-51.0733,8.69565,8.21256]</Value>
				<Value Index="7">[0.134399,8.69565,8.21256]</Value>
			</Vertex>
			<VertexNormal>
				<Value Index="0">[-0.000621588,0,1.5708]</Value>
				<Value Index="1">[-0.000621588,0,1.5708]</Value>
				<Value Index="2">[-0.000621588,0,1.5708]</Value>
				<Value Index="3">[-0.000621588,0,1.5708]</Value>
				<Value Index="4">[0.000621588,0,-1.5708]</Value>
				<Value Index="5">[0.000621588,0,-1.5708]</Value>
				<Value Index="6">[0.000621588,0,-1.5708]</Value>
				<Value Index="7">[0.000621588,0,-1.5708]</Value>
			</VertexNormal>
			<TriIndex MaterialCount="1">
				<Value MaterialID="3">[0,3,2]</Value>
				<Value MaterialID="3">[3,0,1]</Value>
				<Value MaterialID="3">[4,7,5]</Value>
				<Value MaterialID="3">[7,4,6]</Value>
				<Value MaterialID="3">[0,5,1]</Value>
				<Value MaterialID="3">[5,0,4]</Value>
				<Value MaterialID="3">[1,7,3]</Value>
				<Value MaterialID="3">[7,1,5]</Value>
				<Value MaterialID="3">[3,6,2]</Value>
				<Value MaterialID="3">[6,3,7]</Value>
				<Value MaterialID="3">[2,4,0]</Value>
				<Value MaterialID="3">[4,2,6]</Value>
			</TriIndex>
		</Object>
		<Object ID="5" Name="Box05" Class="Editable_mesh">
			<Parent ID="2" Name="Box02">
			</Parent>
			<LocalTM>
				<Value>[1.0,0.0,0.0,0.0]</Value>
				<Value>[0.0,1.0,0.0,0.0]</Value>
				<Value>[0.0,0.0,1.0,0.0]</Value>
				<Value>[47.8141,0.0,38.4408,1.0]</Value>
			</LocalTM>
			<WorldTM>
				<Value>[1.0,0.0,0.0,0.0]</Value>
				<Value>[0.0,0.0,-1.0,0.0]</Value>
				<Value>[0.0,1.0,0.0,0.0]</Value>
				<Value>[47.8141,39.8458,-1.71045e-006,1.0]</Value>
			</WorldTM>
			<BoundingBox>
				<Max>[22.2342,-5.06799e-007,5.7971]</Max>
				<Min>[-0.954235,4.83092,-5.7971]</Min>
				<Center>[10.64,2.41546,0]</Center>
			</BoundingBox>
			<Vertex>
				<Value Index="0">[-0.954235,0,-5.7971]</Value>
				<Value Index="1">[22.2342,0,-5.7971]</Value>
				<Value Index="2">[-0.954235,0,5.7971]</Value>
				<Value Index="3">[22.2342,0,5.7971]</Value>
				<Value Index="4">[-0.954235,4.83092,-5.7971]</Value>
				<Value Index="5">[22.2342,4.83092,-5.7971]</Value>
				<Value Index="6">[-0.954235,4.83092,5.7971]</Value>
				<Value Index="7">[22.2342,4.83092,5.7971]</Value>
			</Vertex>
			<VertexNormal>
				<Value Index="0">[0,0,1.5708]</Value>
				<Value Index="1">[0,0,1.5708]</Value>
				<Value Index="2">[0,0,1.5708]</Value>
				<Value Index="3">[0,0,1.5708]</Value>
				<Value Index="4">[0,0,-1.5708]</Value>
				<Value Index="5">[0,0,-1.5708]</Value>
				<Value Index="6">[0,0,-1.5708]</Value>
				<Value Index="7">[0,0,-1.5708]</Value>
			</VertexNormal>
			<TriIndex MaterialCount="1">
				<Value MaterialID="1">[0,3,2]</Value>
				<Value MaterialID="1">[3,0,1]</Value>
				<Value MaterialID="1">[4,7,5]</Value>
				<Value MaterialID="1">[7,4,6]</Value>
				<Value MaterialID="1">[0,5,1]</Value>
				<Value MaterialID="1">[5,0,4]</Value>
				<Value MaterialID="1">[1,7,3]</Value>
				<Value MaterialID="1">[7,1,5]</Value>
				<Value MaterialID="1">[3,6,2]</Value>
				<Value MaterialID="1">[6,3,7]</Value>
				<Value MaterialID="1">[2,4,0]</Value>
				<Value MaterialID="1">[4,2,6]</Value>
			</TriIndex>
			<Key>
				<Quaternion>
					<Value Frame="0f">[0.0,0.0,0.0,1.0]</Value>
					<Value Frame="40f">[0.0,0.0,0.628142,0.778099]</Value>
				</Quaternion>
			</Key>
		</Object>
		<Object ID="6" Name="Box06" Class="Editable_mesh">
			<Parent ID="5" Name="Box05">
			</Parent>
			<LocalTM>
				<Value>[1.0,0.0,0.0,0.0]</Value>
				<Value>[0.0,1.0,0.0,0.0]</Value>
				<Value>[0.0,0.0,1.0,0.0]</Value>
				<Value>[33.7802,0.0,-1.93237,1.0]</Value>
			</LocalTM>
			<WorldTM>
				<Value>[1.0,0.0,0.0,0.0]</Value>
				<Value>[0.0,0.0,-1.0,0.0]</Value>
				<Value>[0.0,1.0,0.0,0.0]</Value>
				<Value>[81.5944,37.9134,-1.62598e-006,1.0]</Value>
			</WorldTM>
			<BoundingBox>
				<Max>[56.0868,-6.75732e-007,7.72947]</Max>
				<Min>[0.0481415,6.76329,-7.72947]</Min>
				<Center>[28.0675,3.38164,1.47816e-007]</Center>
			</BoundingBox>
			<Vertex>
				<Value Index="0">[0.0481415,0,-7.72947]</Value>
				<Value Index="1">[56.0868,0,-7.72947]</Value>
				<Value Index="2">[0.0481415,0,7.72947]</Value>
				<Value Index="3">[56.0868,0,7.72947]</Value>
				<Value Index="4">[0.0481415,6.76329,-7.72947]</Value>
				<Value Index="5">[56.0868,6.76329,-7.72947]</Value>
				<Value Index="6">[0.0481415,6.76329,7.72947]</Value>
				<Value Index="7">[56.0868,6.76329,7.72947]</Value>
			</Vertex>
			<VertexNormal>
				<Value Index="0">[0,0,1.5708]</Value>
				<Value Index="1">[0,0,1.5708]</Value>
				<Value Index="2">[0,0,1.5708]</Value>
				<Value Index="3">[0,0,1.5708]</Value>
				<Value Index="4">[0,0,-1.5708]</Value>
				<Value Index="5">[0,0,-1.5708]</Value>
				<Value Index="6">[0,0,-1.5708]</Value>
				<Value Index="7">[0,0,-1.5708]</Value>
			</VertexNormal>
			<TriIndex MaterialCount="1">
				<Value MaterialID="3">[0,3,2]</Value>
				<Value MaterialID="3">[3,0,1]</Value>
				<Value MaterialID="3">[4,7,5]</Value>
				<Value MaterialID="3">[7,4,6]</Value>
				<Value MaterialID="3">[0,5,1]</Value>
				<Value MaterialID="3">[5,0,4]</Value>
				<Value MaterialID="3">[1,7,3]</Value>
				<Value MaterialID="3">[7,1,5]</Value>
				<Value MaterialID="3">[3,6,2]</Value>
				<Value MaterialID="3">[6,3,7]</Value>
				<Value MaterialID="3">[2,4,0]</Value>
				<Value MaterialID="3">[4,2,6]</Value>
			</TriIndex>
		</Object>
		<Object ID="7" Name="Box01" Class="Editable_mesh">
			<Parent ID="2" Name="Box02">
			</Parent>
			<LocalTM>
				<Value>[1.0,0.0,0.0,0.0]</Value>
				<Value>[0.0,1.0,0.0,0.0]</Value>
				<Value>[0.0,0.0,1.0,0.0]</Value>
				<Value>[0.0,0.0,59.8412,1.0]</Value>
			</LocalTM>
			<WorldTM>
				<Value>[1.0,0.0,0.0,0.0]</Value>
				<Value>[0.0,0.0,-1.0,0.0]</Value>
				<Value>[0.0,1.0,0.0,0.0]</Value>
				<Value>[0.0,61.2462,-2.64589e-006,1.0]</Value>
			</WorldTM>
			<BoundingBox>
				<Max>[12.0773,-6.75732e-007,15.3146]</Max>
				<Min>[-12.0773,10.628,-0.14434]</Min>
				<Center>[0,5.31401,7.58513]</Center>
			</BoundingBox>
			<Vertex>
				<Value Index="0">[-12.0773,0,-0.144341]</Value>
				<Value Index="1">[12.0773,0,-0.144341]</Value>
				<Value Index="2">[-12.0773,0,15.3146]</Value>
				<Value Index="3">[12.0773,0,15.3146]</Value>
				<Value Index="4">[-12.0773,10.628,-0.14434]</Value>
				<Value Index="5">[12.0773,10.628,-0.14434]</Value>
				<Value Index="6">[-12.0773,10.628,15.3146]</Value>
				<Value Index="7">[12.0773,10.628,15.3146]</Value>
			</Vertex>
			<VertexNormal>
				<Value Index="0">[0,0,1.5708]</Value>
				<Value Index="1">[0,0,1.5708]</Value>
				<Value Index="2">[0,0,1.5708]</Value>
				<Value Index="3">[0,0,1.5708]</Value>
				<Value Index="4">[0,0,-1.5708]</Value>
				<Value Index="5">[0,0,-1.5708]</Value>
				<Value Index="6">[0,0,-1.5708]</Value>
				<Value Index="7">[0,0,-1.5708]</Value>
			</VertexNormal>
			<TriIndex MaterialCount="1">
				<Value MaterialID="4">[0,3,2]</Value>
				<Value MaterialID="4">[3,0,1]</Value>
				<Value MaterialID="4">[4,7,5]</Value>
				<Value MaterialID="4">[7,4,6]</Value>
				<Value MaterialID="4">[0,5,1]</Value>
				<Value MaterialID="4">[5,0,4]</Value>
				<Value MaterialID="4">[1,7,3]</Value>
				<Value MaterialID="4">[7,1,5]</Value>
				<Value MaterialID="4">[3,6,2]</Value>
				<Value MaterialID="4">[6,3,7]</Value>
				<Value MaterialID="4">[2,4,0]</Value>
				<Value MaterialID="4">[4,2,6]</Value>
			</TriIndex>
			<TexVertex>
				<Value Index="0">[0.000499547,0.9995]</Value>
				<Value Index="1">[0.9995,0.9995]</Value>
				<Value Index="2">[0.000499696,0.000499547]</Value>
				<Value Index="3">[0.9995,0.000499904]</Value>
				<Value Index="4">[0.000499547,0.9995]</Value>
				<Value Index="5">[0.9995,0.9995]</Value>
				<Value Index="6">[0.000499696,0.000499547]</Value>
				<Value Index="7">[0.9995,0.000499904]</Value>
			</TexVertex>
			<TexIndex MaterialCount="1">
				<Value MaterialID="4">[0,3,2]</Value>
				<Value MaterialID="4">[3,0,1]</Value>
				<Value MaterialID="4">[4,7,5]</Value>
				<Value MaterialID="4">[7,4,6]</Value>
				<Value MaterialID="4">[0,5,1]</Value>
				<Value MaterialID="4">[5,0,4]</Value>
				<Value MaterialID="4">[1,7,3]</Value>
				<Value MaterialID="4">[7,1,5]</Value>
				<Value MaterialID="4">[3,6,2]</Value>
				<Value MaterialID="4">[6,3,7]</Value>
				<Value MaterialID="4">[2,4,0]</Value>
				<Value MaterialID="4">[4,2,6]</Value>
			</TexIndex>
			<Key>
				<Quaternion>
					<Value Frame="0f">[0.0,0.0,0.0,1.0]</Value>
					<Value Frame="30f">[0.222761,0.0919098,0.0,0.970531]</Value>
					<Value Frame="100f">[-0.184439,-0.00114509,0.0,0.982843]</Value>
				</Quaternion>
			</Key>
		</Object>
		<Object ID="8" Name="Box09" Class="Editable_mesh">
			<Parent ID="1" Name="Box07">
			</Parent>
			<LocalTM>
				<Value>[1.0,0.0,0.0,0.0]</Value>
				<Value>[0.0,1.0,0.0,0.0]</Value>
				<Value>[0.0,0.0,1.0,0.0]</Value>
				<Value>[22.7053,0.0,-18.5452,1.0]</Value>
			</LocalTM>
			<WorldTM>
				<Value>[1.0,0.0,0.0,0.0]</Value>
				<Value>[0.0,0.0,-1.0,0.0]</Value>
				<Value>[0.0,1.0,0.0,0.0]</Value>
				<Value>[22.2222,-38.1197,1.69754e-006,1.0]</Value>
			</WorldTM>
			<BoundingBox>
				<Max>[15.942,-1.1403e-006,0.67083]</Max>
				<Min>[-15.942,8.69565,-25.4161]</Min>
				<Center>[0,4.34783,-12.3727]</Center>
			</BoundingBox>
			<Vertex>
				<Value Index="0">[-15.942,0,-25.4161]</Value>
				<Value Index="1">[15.942,0,-25.4161]</Value>
				<Value Index="2">[-15.942,0,0.67083]</Value>
				<Value Index="3">[15.942,0,0.67083]</Value>
				<Value Index="4">[-15.942,8.69565,-25.4161]</Value>
				<Value Index="5">[15.942,8.69565,-25.4161]</Value>
				<Value Index="6">[-15.942,8.69565,0.670826]</Value>
				<Value Index="7">[15.942,8.69565,0.670826]</Value>
			</Vertex>
			<VertexNormal>
				<Value Index="0">[0,0,1.5708]</Value>
				<Value Index="1">[0,0,1.5708]</Value>
				<Value Index="2">[0,0,1.5708]</Value>
				<Value Index="3">[0,0,1.5708]</Value>
				<Value Index="4">[0,0,-1.5708]</Value>
				<Value Index="5">[0,0,-1.5708]</Value>
				<Value Index="6">[0,0,-1.5708]</Value>
				<Value Index="7">[0,0,-1.5708]</Value>
			</VertexNormal>
			<TriIndex MaterialCount="1">
				<Value MaterialID="5">[0,3,2]</Value>
				<Value MaterialID="5">[3,0,1]</Value>
				<Value MaterialID="5">[4,7,5]</Value>
				<Value MaterialID="5">[7,4,6]</Value>
				<Value MaterialID="5">[0,5,1]</Value>
				<Value MaterialID="5">[5,0,4]</Value>
				<Value MaterialID="5">[1,7,3]</Value>
				<Value MaterialID="5">[7,1,5]</Value>
				<Value MaterialID="5">[3,6,2]</Value>
				<Value MaterialID="5">[6,3,7]</Value>
				<Value MaterialID="5">[2,4,0]</Value>
				<Value MaterialID="5">[4,2,6]</Value>
			</TriIndex>
			<Key>
				<Quaternion>
					<Value Frame="0f">[0.0,0.0,0.0,1.0]</Value>
					<Value Frame="9f">[-0.154851,0.0,0.0,0.987938]</Value>
					<Value Frame="30f">[-0.23725,0.0,0.0,0.971449]</Value>
					<Value Frame="50f">[0.168095,0.0,0.0,0.985771]</Value>
					<Value Frame="60f">[0.219067,0.0,0.0,0.97571]</Value>
				</Quaternion>
			</Key>
		</Object>
		<Object ID="9" Name="Box11" Class="Editable_mesh">
			<Parent ID="8" Name="Box09">
			</Parent>
			<LocalTM>
				<Value>[1.0,0.0,0.0,0.0]</Value>
				<Value>[0.0,1.0,0.0,0.0]</Value>
				<Value>[0.0,0.0,1.0,0.0]</Value>
				<Value>[1.44928,0.0,-34.6774,1.0]</Value>
			</LocalTM>
			<WorldTM>
				<Value>[1.0,0.0,0.0,0.0]</Value>
				<Value>[0.0,0.0,-1.0,0.0]</Value>
				<Value>[0.0,1.0,0.0,0.0]</Value>
				<Value>[23.6715,-72.7971,3.21333e-006,1.0]</Value>
			</WorldTM>
			<BoundingBox>
				<Max>[12.5604,-1.267e-006,0.565582]</Max>
				<Min>[-12.5604,11.5942,-28.4199]</Min>
				<Center>[0,5.7971,-13.9272]</Center>
			</BoundingBox>
			<Vertex>
				<Value Index="0">[-12.5604,0,-28.4199]</Value>
				<Value Index="1">[12.5604,0,-28.4199]</Value>
				<Value Index="2">[-12.5604,0,0.565582]</Value>
				<Value Index="3">[12.5604,0,0.565582]</Value>
				<Value Index="4">[-12.5604,11.5942,-28.4199]</Value>
				<Value Index="5">[12.5604,11.5942,-28.4199]</Value>
				<Value Index="6">[-12.5604,11.5942,0.565583]</Value>
				<Value Index="7">[12.5604,11.5942,0.565583]</Value>
			</Vertex>
			<VertexNormal>
				<Value Index="0">[0,0,1.5708]</Value>
				<Value Index="1">[0,0,1.5708]</Value>
				<Value Index="2">[0,0,1.5708]</Value>
				<Value Index="3">[0,0,1.5708]</Value>
				<Value Index="4">[0,0,-1.5708]</Value>
				<Value Index="5">[0,0,-1.5708]</Value>
				<Value Index="6">[0,0,-1.5708]</Value>
				<Value Index="7">[0,0,-1.5708]</Value>
			</VertexNormal>
			<TriIndex MaterialCount="1">
				<Value MaterialID="3">[0,3,2]</Value>
				<Value MaterialID="3">[3,0,1]</Value>
				<Value MaterialID="3">[4,7,5]</Value>
				<Value MaterialID="3">[7,4,6]</Value>
				<Value MaterialID="3">[0,5,1]</Value>
				<Value MaterialID="3">[5,0,4]</Value>
				<Value MaterialID="3">[1,7,3]</Value>
				<Value MaterialID="3">[7,1,5]</Value>
				<Value MaterialID="3">[3,6,2]</Value>
				<Value MaterialID="3">[6,3,7]</Value>
				<Value MaterialID="3">[2,4,0]</Value>
				<Value MaterialID="3">[4,2,6]</Value>
			</TriIndex>
		</Object>
		<Object ID="10" Name="Box08" Class="Editable_mesh">
			<Parent ID="1" Name="Box07">
			</Parent>
			<LocalTM>
				<Value>[1.0,0.0,0.0,0.0]</Value>
				<Value>[0.0,0.999754,0.0222001,0.0]</Value>
				<Value>[0.0,-0.0222001,0.999754,0.0]</Value>
				<Value>[-17.3913,0.0,-18.7646,1.0]</Value>
			</LocalTM>
			<WorldTM>
				<Value>[1.0,0.0,0.0,0.0]</Value>
				<Value>[0.0,0.0222001,-0.999754,0.0]</Value>
				<Value>[0.0,0.999754,0.0222001,0.0]</Value>
				<Value>[-17.8744,-38.3391,1.70712e-006,1.0]</Value>
			</WorldTM>
			<BoundingBox>
				<Max>[16.4251,0.00333321,0.074087]</Max>
				<Min>[-16.4251,6.75995,-26.3131]</Min>
				<Center>[0,3.38164,-13.1195]</Center>
			</BoundingBox>
			<Vertex>
				<Value Index="0">[-16.4251,0,-26.163]</Value>
				<Value Index="1">[16.4251,0,-26.163]</Value>
				<Value Index="2">[-16.4251,0,-0.0760187]</Value>
				<Value Index="3">[16.4251,0,-0.0760187]</Value>
				<Value Index="4">[-16.4251,6.76328,-26.163]</Value>
				<Value Index="5">[16.4251,6.76328,-26.163]</Value>
				<Value Index="6">[-16.4251,6.76328,-0.0760213]</Value>
				<Value Index="7">[16.4251,6.76328,-0.0760213]</Value>
			</Vertex>
			<VertexNormal>
				<Value Index="0">[0,-0.0348718,1.57041]</Value>
				<Value Index="1">[0,-0.0348718,1.57041]</Value>
				<Value Index="2">[0,-0.0348718,1.57041]</Value>
				<Value Index="3">[0,-0.0348718,1.57041]</Value>
				<Value Index="4">[0,0.0348718,-1.57041]</Value>
				<Value Index="5">[0,0.0348718,-1.57041]</Value>
				<Value Index="6">[0,0.0348718,-1.57041]</Value>
				<Value Index="7">[0,0.0348718,-1.57041]</Value>
			</VertexNormal>
			<TriIndex MaterialCount="1">
				<Value MaterialID="5">[0,3,2]</Value>
				<Value MaterialID="5">[3,0,1]</Value>
				<Value MaterialID="5">[4,7,5]</Value>
				<Value MaterialID="5">[7,4,6]</Value>
				<Value MaterialID="5">[0,5,1]</Value>
				<Value MaterialID="5">[5,0,4]</Value>
				<Value MaterialID="5">[1,7,3]</Value>
				<Value MaterialID="5">[7,1,5]</Value>
				<Value MaterialID="5">[3,6,2]</Value>
				<Value MaterialID="5">[6,3,7]</Value>
				<Value MaterialID="5">[2,4,0]</Value>
				<Value MaterialID="5">[4,2,6]</Value>
			</TriIndex>
			<Key>
				<Quaternion>
					<Value Frame="0f">[0.0,0.0,0.0,1.0]</Value>
					<Value Frame="9f">[0.200308,0.0,0.0,0.979733]</Value>
					<Value Frame="30f">[0.167842,0.0,0.0,0.985814]</Value>
					<Value Frame="50f">[-0.260492,0.0,0.0,0.965476]</Value>
					<Value Frame="60f">[-0.119429,0.0,0.0,0.992843]</Value>
				</Quaternion>
			</Key>
		</Object>
		<Object ID="11" Name="Box10" Class="Editable_mesh">
			<Parent ID="10" Name="Box08">
			</Parent>
			<LocalTM>
				<Value>[1.0,0.0,0.0,0.0]</Value>
				<Value>[0.0,1.0,0.0,0.0]</Value>
				<Value>[0.0,0.0,1.0,0.0]</Value>
				<Value>[0.483093,0.0,-33.6032,1.0]</Value>
			</LocalTM>
			<WorldTM>
				<Value>[1.0,0.0,0.0,0.0]</Value>
				<Value>[0.0,0.0222001,-0.999754,0.0]</Value>
				<Value>[0.0,0.999754,0.0222001,0.0]</Value>
				<Value>[-17.3913,-71.934,-0.745992,1.0]</Value>
			</WorldTM>
			<BoundingBox>
				<Max>[14.0097,0.00476164,0.891404]</Max>
				<Min>[-14.0097,9.65707,-29.4892]</Min>
				<Center>[0,4.83092,-14.2989]</Center>
			</BoundingBox>
			<Vertex>
				<Value Index="0">[-14.0097,0,-29.2747]</Value>
				<Value Index="1">[14.0097,0,-29.2747]</Value>
				<Value Index="2">[-14.0097,0,0.676964]</Value>
				<Value Index="3">[14.0097,0,0.676964]</Value>
				<Value Index="4">[-14.0097,9.66183,-29.2747]</Value>
				<Value Index="5">[14.0097,9.66183,-29.2747]</Value>
				<Value Index="6">[-14.0097,9.66183,0.676963]</Value>
				<Value Index="7">[14.0097,9.66183,0.676963]</Value>
			</Vertex>
			<VertexNormal>
				<Value Index="0">[0,-0.0348718,1.57041]</Value>
				<Value Index="1">[0,-0.0348718,1.57041]</Value>
				<Value Index="2">[0,-0.0348718,1.57041]</Value>
				<Value Index="3">[0,-0.0348718,1.57041]</Value>
				<Value Index="4">[0,0.0348718,-1.57041]</Value>
				<Value Index="5">[0,0.0348718,-1.57041]</Value>
				<Value Index="6">[0,0.0348718,-1.57041]</Value>
				<Value Index="7">[0,0.0348718,-1.57041]</Value>
			</VertexNormal>
			<TriIndex MaterialCount="1">
				<Value MaterialID="3">[0,3,2]</Value>
				<Value MaterialID="3">[3,0,1]</Value>
				<Value MaterialID="3">[4,7,5]</Value>
				<Value MaterialID="3">[7,4,6]</Value>
				<Value MaterialID="3">[0,5,1]</Value>
				<Value MaterialID="3">[5,0,4]</Value>
				<Value MaterialID="3">[1,7,3]</Value>
				<Value MaterialID="3">[7,1,5]</Value>
				<Value MaterialID="3">[3,6,2]</Value>
				<Value MaterialID="3">[6,3,7]</Value>
				<Value MaterialID="3">[2,4,0]</Value>
				<Value MaterialID="3">[4,2,6]</Value>
			</TriIndex>
		</Object>
	</Body>
